095570.KS	AJ네트웍스
060310.KQ	3S
N/A	SY이노베이션
068400.KS	AJ렌터카
006840.KS	AK홀딩스
027410.KS	BGF리테일
138930.KS	BNK금융지주
001460.KS	BYC
001040.KS	CJ
079160.KS	CJ CGV
000120.KS	CJ대한통운
011150.KS	CJ씨푸드
097950.KS	CJ제일제당
037560.KS	CJ헬로비전
000590.KS	CS홀딩스
139130.KS	DGB금융지주
004840.KS	DRB동일
155660.KS	DSR
069730.KS	DSR제강
017940.KS	E1
007700.KS	F&F
114090.KS	GKL
078930.KS	GS
006360.KS	GS건설
001250.KS	GS글로벌
007070.KS	GS리테일
035000.KS	GⅡR
001500.KS	HMC투자증권
011420.KS	IB월드와이드
175330.KS	JB금융지주
001060.KS	JW중외제약
096760.KS	JW홀딩스
105560.KS	KB금융
002550.KS	KB손해보험
009440.KS	KC그린홀딩스
119650.KS	KC코트렐
092220.KS	KEC
109070.KS	KGP
001390.KS	KG케미칼
001940.KS	KISCO홀딩스
083420.KS	KPX그린케미칼
025000.KS	KPX케미칼
092230.KS	KPX홀딩스
000040.KS	KR모터스
044450.KS	KSS해운
030210.KS	KTB투자증권
058850.KS	KTcs
093050.KS	LF
003550.KS	LG
034220.KS	LG디스플레이
001120.KS	LG상사
068870.KS	LG생명과학
051900.KS	LG생활건강
032640.KS	LG유플러스
011070.KS	LG이노텍
066570.KS	LG전자
108670.KS	LG하우시스
051910.KS	LG화학
006260.KS	LS
000680.KS	LS네트웍스
010120.KS	LS산전
023150.KS	MH에탄올
035420.KS	NAVER
181710.KS	NHN엔터테인먼트
005940.KS	NH투자증권
034310.KS	NICE
008260.KS	NI스틸
010060.KS	OCI
100840.KS	S&TC
064960.KS	S&T모티브
003570.KS	S&T중공업
036530.KS	S&T홀딩스
010950.KS	S-Oil
034120.KS	SBS
101060.KS	SBS미디어홀딩스
004060.KS	SG세계물산
001380.KS	SG충남방적
002360.KS	SH에너지화학
009160.KS	SIMPAC
034730.KS	SK
011790.KS	SKC
018670.KS	SK가스
001740.KS	SK네트웍스
096770.KS	SK이노베이션
001510.KS	SK증권
006120.KS	SK케미칼
017670.KS	SK텔레콤
000660.KS	SK하이닉스
011810.KS	STX
077970.KS	STX엔진
071970.KS	STX중공업
002710.KS	TCC동양
024070.KS	WISCOM
037270.KS	YG PLUS
000500.KS	가온전선
035250.KS	강원랜드
000860.KS	건설화학공업
008020.KS	경남에너지
002100.KS	경농
009450.KS	경동나비엔
012320.KS	경동도시가스
000050.KS	경방
214390.KS	경보제약
012610.KS	경인양행
009140.KS	경인전자
013580.KS	계룡건설산업
012200.KS	계양전기
004200.KS	고려개발
002140.KS	고려산업
010130.KS	고려아연
002240.KS	고려제강
009810.KS	고려포리머
001290.KS	골든브릿지증권
009290.KS	광동제약
017040.KS	광명전기
017900.KS	광전자
037710.KS	광주신세계
192530.KS	광주은행
140910.KS	광희리츠
030610.KS	교보증권
007690.KS	국도화학
005320.KS	국동
001140.KS	국보
002720.KS	국제약품공업
014530.KS	극동유화
014280.KS	금강공업
008870.KS	금비
001570.KS	금양
002990.KS	금호산업
011780.KS	금호석유화학
001210.KS	금호전기
073240.KS	금호타이어
092440.KS	기신정기
000270.KS	기아자동차
024110.KS	기업은행
004540.KS	깨끗한나라
007460.KS	나라케이아이씨
001260.KS	남광토건
008350.KS	남선알미늄
004270.KS	남성
003920.KS	남양유업
002070.KS	남영비비안
025860.KS	남해화학
005720.KS	넥센
002350.KS	넥센타이어
110570.KS	넥솔론
090350.KS	노루페인트
000320.KS	노루홀딩스
006280.KS	녹십자
005250.KS	녹십자홀딩스
004370.KS	농심
072710.KS	농심홀딩스
023590.KS	다우기술
020120.KS	다우인큐브
015590.KS	대경기계기술
019680.KS	대교
006370.KS	대구백화점
004130.KS	대덕GDS
008060.KS	대덕전자
000490.KS	대동공업
008110.KS	대동전자
005750.KS	대림비앤코
000210.KS	대림산업
006570.KS	대림통상
001680.KS	대상
084690.KS	대상홀딩스
128820.KS	대성산업
117580.KS	대성에너지
005620.KS	대성합동지주
016710.KS	대성홀딩스
003540.KS	대신증권
009190.KS	대양금속
014160.KS	대영포장
047040.KS	대우건설
009320.KS	대우부품
047050.KS	대우인터내셔널
042660.KS	대우조선해양
006800.KS	대우증권
003090.KS	대웅
069620.KS	대웅제약
000430.KS	대원강업
006340.KS	대원전선
003220.KS	대원제약
024890.KS	대원화성
000300.KS	대유신소재
002880.KS	대유에이텍
012800.KS	대창
015230.KS	대창단조
001070.KS	대한방직
006650.KS	대한유화
001440.KS	대한전선
084010.KS	대한제강
001790.KS	대한제당
001130.KS	대한제분
003490.KS	대한항공
005880.KS	대한해운
003830.KS	대한화섬
016090.KS	대현
069460.KS	대호에이엘
084870.KS	더베이직하우스
012510.KS	더존비즈온
004830.KS	덕성
024900.KS	덕양산업
008000.KS	도레이케미칼
002150.KS	도화엔지니어링
001620.KS	동국실업
001230.KS	동국제강
023450.KS	동남합성
004140.KS	동방
007590.KS	동방아그로
012030.KS	동부
005960.KS	동부건설
016380.KS	동부제철
016610.KS	동부증권
000990.KS	동부하이텍
005830.KS	동부화재해상보험
083350.KS	동북아10호선박투자
083360.KS	동북아11호선박투자
083370.KS	동북아12호선박투자
083380.KS	동북아13호선박투자
083390.KS	동북아14호선박투자
002210.KS	동성제약
102260.KS	동성코퍼레이션
005190.KS	동성화학
000640.KS	동아쏘시오홀딩스
058730.KS	동아에스텍
170900.KS	동아에스티
008040.KS	동아원
028100.KS	동아지질
007340.KS	동아타이어공업
001520.KS	동양
084670.KS	동양고속
030790.KS	동양네트웍스
002900.KS	동양물산기업
082640.KS	동양생명
008970.KS	동양철관
003580.KS	동원
049770.KS	동원F&B
018500.KS	동원금속
006040.KS	동원산업
030720.KS	동원수산
014820.KS	동원시스템즈
163560.KS	동일고무벨트
001530.KS	동일방직
004890.KS	동일산업
019300.KS	동일제지
000020.KS	동화약품
000150.KS	두산
011160.KS	두산건설
082740.KS	두산엔진
042670.KS	두산인프라코어
034020.KS	두산중공업
024090.KS	디씨엠
003160.KS	디아이
092200.KS	디아이씨
013570.KS	디와이
210540.KS	디와이파워
026890.KS	디피씨
115390.KS	락앤락
032350.KS	롯데관광개발
000400.KS	롯데손해보험
023530.KS	롯데쇼핑
004990.KS	롯데제과
005300.KS	롯데칠성음료
011170.KS	롯데케미칼
002270.KS	롯데푸드
071840.KS	롯데하이마트
027740.KS	마니커
204320.KS	만도
001080.KS	만호제강
088980.KS	맥쿼리인프라
094800.KS	맵스리얼티1
138040.KS	메리츠금융지주
008560.KS	메리츠종금증권
000060.KS	메리츠화재
017180.KS	명문제약
012690.KS	모나리자
005360.KS	모나미
009680.KS	모토닉
009580.KS	무림P&P
009200.KS	무림페이퍼
033920.KS	무학
008420.KS	문배철강
025560.KS	미래산업
007120.KS	미래아이앤지
085620.KS	미래에셋생명
037620.KS	미래에셋증권
002840.KS	미원상사
107590.KS	미원에스씨
134380.KS	미원화학
003650.KS	미창석유공업
155900.KS	바다로19호
092630.KS	바다로3호
003610.KS	방림
001340.KS	백광산업
014580.KS	백광소재
035150.KS	백산
002410.KS	범양건영
096300.KS	베트남개발1
007210.KS	벽산
002760.KS	보락
003850.KS	보령제약
004740.KS	보루네오가구
000890.KS	보해양조
003000.KS	부광약품
001270.KS	부국증권
026940.KS	부국철강
015350.KS	부산도시가스
011390.KS	부산산업
005030.KS	부산주공
100220.KS	비상교육
005180.KS	빙그레
003960.KS	사조대림
007160.KS	사조산업
014710.KS	사조씨푸드
006090.KS	사조오양
079660.KS	사조해표
005090.KS	삼광글라스
005610.KS	삼립식품
001470.KS	삼부토건
006400.KS	삼성SDI
006660.KS	삼성공조
000830.KS	삼성물산
032830.KS	삼성생명
018260.KS	삼성에스디에스
028050.KS	삼성엔지니어링
009150.KS	삼성전기
005930.KS	삼성전자
004000.KS	삼성정밀화학
001360.KS	삼성제약
010140.KS	삼성중공업
016360.KS	삼성증권
068290.KS	삼성출판사
029780.KS	삼성카드
000810.KS	삼성화재해상보험
006110.KS	삼아알미늄
145990.KS	삼양사
003230.KS	삼양식품
003940.KS	삼양제넥스
002170.KS	삼양통상
000070.KS	삼양홀딩스
002810.KS	삼영무역
005680.KS	삼영전자공업
003720.KS	삼영화학공업
023000.KS	삼원강재
004380.KS	삼익THK
002450.KS	삼익악기
000520.KS	삼일제약
009770.KS	삼정펄프
005500.KS	삼진제약
004690.KS	삼천리
001880.KS	삼호
010960.KS	삼호개발
004450.KS	삼화왕관
009470.KS	삼화전기
011230.KS	삼화전자공업
001820.KS	삼화콘덴서공업
000390.KS	삼화페인트공업
013700.KS	삼환까뮤
041650.KS	상신브레이크
075180.KS	새론오토모티브
007540.KS	샘표식품
007860.KS	서연
017390.KS	서울도시가스
004410.KS	서울식품공업
021050.KS	서원
008490.KS	서흥
007610.KS	선도전기
136490.KS	선진
002820.KS	선창산업
014910.KS	성문전자
003080.KS	성보화학
004980.KS	성신양회
011300.KS	성안
005980.KS	성지건설
000180.KS	성창기업지주
002420.KS	세기상사
004360.KS	세방
004490.KS	세방전지
001430.KS	세아베스틸
003030.KS	세아제강
019440.KS	세아특수강
058650.KS	세아홀딩스
013000.KS	세우글로벌
091090.KS	세원셀론텍
021820.KS	세원정공
067830.KS	세이브존I&C
033530.KS	세종공업
027970.KS	세하
145210.KS	세화아이엠씨
004430.KS	송원산업
017550.KS	수산중공업
003060.KS	슈넬생명과학
016590.KS	신대양제지
029530.KS	신도리코
004970.KS	신라교역
011930.KS	신성솔라에너지
104120.KS	신성에프에이
104110.KS	신성이엔지
005390.KS	신성통상
004170.KS	신세계
035510.KS	신세계I&C
034300.KS	신세계건설
031430.KS	신세계인터내셔날
031440.KS	신세계푸드
006880.KS	신송홀딩스
005800.KS	신영와코루
001720.KS	신영증권
025620.KS	신우
009270.KS	신원
002700.KS	신일산업
019170.KS	신풍제약
002870.KS	신풍제지
005450.KS	신한
055550.KS	신한지주
001770.KS	신화실업
004080.KS	신흥
102280.KS	쌍방울
047400.KS	쌍용머티리얼
003410.KS	쌍용양회공업
003620.KS	쌍용자동차
004770.KS	써니전자
004920.KS	씨아이테크
112610.KS	씨에스윈드
008700.KS	아남전자
090430.KS	아모레퍼시픽
002790.KS	아모레퍼시픽그룹
090370.KS	아비스타
002030.KS	아세아
183190.KS	아세아시멘트
002310.KS	아세아제지
083570.KS	아시아10호
020560.KS	아시아나항공
083580.KS	아시아퍼시픽11호
083590.KS	아시아퍼시픽12호
083600.KS	아시아퍼시픽13호
083610.KS	아시아퍼시픽14호
083620.KS	아시아퍼시픽15호
122900.KS	아이마켓코리아
010780.KS	아이에스동서
003560.KS	아이에이치큐
033660.KS	아주캐피탈
101140.KS	아티스
001780.KS	알루코
002250.KS	알보젠코리아
161000.KS	애경유화
011090.KS	에넥스
093240.KS	에리트베이직
005850.KS	에스엘
012750.KS	에스원
123700.KS	에스제이엠
025530.KS	에스제이엠홀딩스
210980.KS	에스케이디앤디
023960.KS	에쓰씨엔지니어링
078520.KS	에이블씨엔씨
015260.KS	에이엔피
036570.KS	엔씨소프트
138250.KS	엔에스쇼핑
085310.KS	엔케이
004250.KS	엔피씨
069640.KS	엠케이트렌드
014440.KS	영보화학
111770.KS	영원무역
009970.KS	영원무역홀딩스
003520.KS	영진약품공업
000670.KS	영풍
006740.KS	영풍제지
012280.KS	영화금속
012160.KS	영흥철강
015360.KS	예스코
007310.KS	오뚜기
002630.KS	오리엔트바이오
001800.KS	오리온
010600.KS	와이비로드
004720.KS	우리들제약
118000.KS	우리들휴브레인
000030.KS	우리은행
010050.KS	우리종금
006980.KS	우성사료
017370.KS	우신시스템
105840.KS	우진
049800.KS	우진플라임
016880.KS	웅진
095720.KS	웅진씽크빅
103130.KS	웅진에너지
005820.KS	원림
008600.KS	윌비스
033270.KS	유나이티드
014830.KS	유니드
000910.KS	유니온
011330.KS	유니켐
077500.KS	유니퀘스트
002920.KS	유성기업
000700.KS	유수홀딩스
003470.KS	유안타증권
011690.KS	유양디앤유
072130.KS	유엔젤
000220.KS	유유제약
001200.KS	유진증권
000100.KS	유한양행
003460.KS	유화증권
008730.KS	율촌화학
008250.KS	이건산업
025820.KS	이구산업
214320.KS	이노션
139480.KS	이마트
007660.KS	이수페타시스
005950.KS	이수화학
015020.KS	이스타코
093230.KS	이아이디
074610.KS	이엔쓰리
102460.KS	이연제약
084680.KS	이월드
138440.KS	이코리아리츠
000760.KS	이화산업
014990.KS	인디에프
006490.KS	인스코비
023800.KS	인지컨트롤스
034590.KS	인천도시가스
129260.KS	인터지스
023810.KS	인팩
000230.KS	일동제약
013360.KS	일성건설
003120.KS	일성신약
003200.KS	일신방직
007110.KS	일신석재
007570.KS	일양약품
008500.KS	일정실업
081000.KS	일진다이아
020760.KS	일진디스플
020150.KS	일진머티리얼즈
103590.KS	일진전기
015860.KS	일진홀딩스
033240.KS	자화전자
000950.KS	전방
030000.KS	제일기획
028260.KS	제일모직
002620.KS	제일약품
001560.KS	제일연마
006220.KS	제주은행
004910.KS	조광페인트
004700.KS	조광피혁
001550.KS	조비
000480.KS	조선내화
120030.KS	조선선재
018470.KS	조일알미늄
002600.KS	조흥
185750.KS	종근당
063160.KS	종근당바이오
001630.KS	종근당홀딩스
044380.KS	주연테크
900050.KS	중국원양자원
007630.KS	지에스인스트루
013870.KS	지엠비코리아
071320.KS	지역난방공사
010580.KS	지코
088790.KS	진도
003780.KS	진양산업
010640.KS	진양폴리우레탄
100250.KS	진양홀딩스
051630.KS	진양화학
011000.KS	진원생명과학
002780.KS	진흥기업
009310.KS	참엔지니어링
000650.KS	천일고속
012600.KS	청호컴넷
033250.KS	체시스
006380.KS	카프로
021960.KS	케이비캐피탈
002380.KS	케이씨씨
029460.KS	케이씨텍
009070.KS	케이씨티시
145270.KS	케이탑리츠
030200.KS	케이티
058860.KS	케이티스
053210.KS	케이티스카이라이프
033780.KS	케이티앤지
900140.KS	코라오홀딩스
090970.KS	코리아01호
090980.KS	코리아02호
090990.KS	코리아03호
091000.KS	코리아04호
007810.KS	코리아써키트
003690.KS	코리안리
192820.KS	코스맥스
044820.KS	코스맥스비티아이
005070.KS	코스모신소재
005420.KS	코스모화학
071950.KS	코아스
002020.KS	코오롱
003070.KS	코오롱글로벌
144620.KS	코오롱머티리얼
120110.KS	코오롱인더
138490.KS	코오롱플라스틱
021240.KS	코웨이
121550.KS	코크렙15호
031820.KS	콤텍시스템
192400.KS	쿠쿠전자
005740.KS	크라운제과
012170.KS	키스톤글로벌
039490.KS	키움증권
015890.KS	태경산업
006890.KS	태경화학
003240.KS	태광산업
011280.KS	태림포장공업
004100.KS	태양금속공업
009410.KS	태영건설
001420.KS	태원물산
007980.KS	태평양물산
078000.KS	텔코웨어
214420.KS	토니모리
140890.KS	트러스제7호
019180.KS	티에이치엔
004870.KS	티웨이홀딩스
008900.KS	티이씨코
134790.KS	팀스
005690.KS	파미셀
036580.KS	팜스코
028670.KS	팬오션
010820.KS	퍼스텍
016800.KS	퍼시스
001020.KS	페이퍼코리아
950010.KS	평산차업
090080.KS	평화산업
010770.KS	평화홀딩스
005490.KS	포스코
058430.KS	포스코강판
051310.KS	포스코플랜텍
017810.KS	풀무원
103140.KS	풍산
005810.KS	풍산홀딩스
033180.KS	필룩스
086790.KS	하나금융지주
099340.KS	하나니켈1호
099350.KS	하나니켈2호
039130.KS	하나투어
172580.KS	하이골드12호
139200.KS	하이골드2호
153360.KS	하이골드3호
159650.KS	하이골드8호
071090.KS	하이스틸
019490.KS	하이트론씨스템즈
000080.KS	하이트진로
000140.KS	하이트진로홀딩스
152550.KS	한국ANKOR유전
036460.KS	한국가스공사
005430.KS	한국공항
071050.KS	한국금융지주
010040.KS	한국내화
025540.KS	한국단자공업
004090.KS	한국석유공업
002200.KS	한국수출포장공업
002960.KS	한국쉘석유
002000.KS	한국유리공업
015760.KS	한국전력공사
006200.KS	한국전자홀딩스
002300.KS	한국제지
023350.KS	한국종합기술
025890.KS	한국주강
000970.KS	한국주철관공업
104700.KS	한국철강
017960.KS	한국카본
161890.KS	한국콜마
024720.KS	한국콜마홀딩스
161390.KS	한국타이어
000240.KS	한국타이어월드와이드
007280.KS	한국특수형강
168490.KS	한국패러랠
010100.KS	한국프랜지공업
047810.KS	한국항공우주
123690.KS	한국화장품
003350.KS	한국화장품제조
011500.KS	한농화성
002390.KS	한독
014790.KS	한라
060980.KS	한라홀딩스
053690.KS	한미글로벌
042700.KS	한미반도체
008930.KS	한미사이언스
128940.KS	한미약품
009240.KS	한샘
020000.KS	한섬
003680.KS	한성기업
105630.KS	한세실업
016450.KS	한세예스24홀딩스
009180.KS	한솔로지스틱스
007190.KS	한솔아트원제지
213500.KS	한솔제지
014680.KS	한솔케미칼
004710.KS	한솔테크닉스
010420.KS	한솔피엔에스
004150.KS	한솔홀딩스
025750.KS	한솔홈데코
004960.KS	한신공영
011700.KS	한신기계공업
001750.KS	한양증권
018880.KS	한온시스템
009420.KS	한올바이오파마
014130.KS	한익스프레스
003300.KS	한일시멘트
200880.KS	한일이화
002220.KS	한일철강
051600.KS	한전KPS
052690.KS	한전기술
130660.KS	한전산업
002320.KS	한진
097230.KS	한진중공업
003480.KS	한진중공업홀딩스
180640.KS	한진칼
117930.KS	한진해운
005110.KS	한창
009460.KS	한창제지
000880.KS	한화
027390.KS	한화갤러리아타임월드
088350.KS	한화생명
000370.KS	한화손해보험
009830.KS	한화케미칼
012450.KS	한화테크윈
003530.KS	한화투자증권
025850.KS	한화화인케미칼
015540.KS	핫텍
089470.KS	현대EP
000720.KS	현대건설
005440.KS	현대그린푸드
086280.KS	현대글로비스
064350.KS	현대로템
079430.KS	현대리바트
012330.KS	현대모비스
010620.KS	현대미포조선
069960.KS	현대백화점
004560.KS	현대비앤지스틸
012630.KS	현대산업개발
011200.KS	현대상선
006390.KS	현대시멘트
004310.KS	현대약품
126560.KS	현대에이치씨엔
017800.KS	현대엘리베이터
011210.KS	현대위아
005380.KS	현대자동차
004020.KS	현대제철
011760.KS	현대종합상사
009540.KS	현대중공업
003450.KS	현대증권
011720.KS	현대페인트
001450.KS	현대해상
057050.KS	현대홈쇼핑
003010.KS	혜인
008770.KS	호텔신라
002460.KS	화성산업
013520.KS	화승알앤에이
006060.KS	화승인더스트리
010690.KS	화신
133820.KS	화인베스틸
010660.KS	화천기계
000850.KS	화천기공
016580.KS	환인제약
032560.KS	황금에스티
004800.KS	효성
094280.KS	효성 ITX
093370.KS	후성
081660.KS	휠라코리아
005870.KS	휴니드테크놀러지스
079980.KS	휴비스
005010.KS	휴스틸
069260.KS	휴켐스
000540.KS	흥국화재
003280.KS	흥아해운
054620.KQ	AP시스템
090470.KQ	AST젯텍
032040.KQ	C&S자산관리
130960.KQ	CJ E&M
035760.KQ	CJ오쇼핑
051500.KQ	CJ프레시웨이
058820.KQ	CMG제약
023460.KQ	CNH
065770.KQ	CS
068790.KQ	DMS
037370.KQ	EG
079190.KQ	EMW
083450.KQ	GST
028150.KQ	GS홈쇼핑
053870.KQ	GT&T
078150.KQ	HB테크놀러지
036640.KQ	HRS
204840.KQ	IBKS제2호스팩
095340.KQ	ISC
099520.KQ	ITX시큐리티
067290.KQ	JW중외신약
035900.KQ	JYP Ent.
024120.KQ	KB오토시스
021320.KQ	KCC건설
036670.KQ	KCI
068060.KQ	KCW
151860.KQ	KG ETS
046440.KQ	KG모빌리언스
035600.KQ	KG이니시스
060720.KQ	KH바텍
083470.KQ	KJ프리텍
122450.KQ	KMH
058400.KQ	KNN
114450.KQ	KPX생명과학
036030.KQ	KTH
043610.KQ	KT뮤직
060370.KQ	KT서브마린
079950.KQ	LIG인베니아
159910.KQ	MBK
086960.KQ	MDS테크
065150.KQ	MPK
160550.KQ	NEW
030190.KQ	NICE평가정보
036490.KQ	OCI머티리얼즈
024940.KQ	PN풍년
091340.KQ	S&K폴리텍
950110.KQ	SBI액시즈
019550.KQ	SBI인베스트먼트
046140.KQ	SBS콘텐츠허브
099220.KQ	SDN
040610.KQ	SG&G
049470.KQ	SGA
052300.KQ	SH 홀딩스
090730.KQ	SIMPAC METALLOY
207930.KQ	SK1호스팩
219550.KQ	SK2호스팩
057500.KQ	SKC 솔믹스
178920.KQ	SKC코오롱PI
066270.KQ	SK컴즈
048550.KQ	SM C&C
051980.KQ	SNH
036540.KQ	STS반도체
032540.KQ	TJ미디어
048770.KQ	TPC
057030.KQ	YBM시사닷컴
040300.KQ	YTN
051390.KQ	YW
052220.KQ	iMBC
079940.KQ	가비아
078890.KQ	가온미디어
030270.KQ	가희
192410.KQ	감마누
024840.KQ	갑을메탈
094480.KQ	갤럭시아컴즈
063080.KQ	게임빌
039240.KQ	경남스틸
053950.KQ	경남제약
011040.KQ	경동제약
139050.KQ	경봉
024910.KQ	경창산업
089890.KQ	고려반도체
049720.KQ	고려신용정보
014570.KQ	고려제약
098460.KQ	고영
206660.KQ	골든브릿지제2호스팩
219580.KQ	골든브릿지제3호스팩
215000.KQ	골프존
121440.KQ	골프존유원홀딩스
014200.KQ	광림
026910.KQ	광진실업
090150.KQ	광진윈텍
208710.KQ	교보3호스팩
222810.KQ	교보4호스팩
223040.KQ	교보5호스팩
053270.KQ	구영테크
066620.KQ	국보디자인
043650.KQ	국순당
006050.KQ	국영지앤엠
060480.KQ	국일신동
078130.KQ	국일제지
019010.KQ	그랜드백화점
900070.KQ	글로벌에스엠
053260.KQ	금강철강
058370.KQ	금성테크
130500.KQ	금호엔티
036190.KQ	금화피에스시
049080.KQ	기가레인
035460.KQ	기산텔레콤
187790.KQ	나노
151910.KQ	나노스
121600.KQ	나노신소재
039860.KQ	나노엔텍
091970.KQ	나노캠텍
051490.KQ	나라엠앤디
089600.KQ	나스미디어
138610.KQ	나이벡
130580.KQ	나이스디앤비
036800.KQ	나이스정보통신
091590.KQ	남화토건
168330.KQ	내츄럴엔도텍
072770.KQ	네오디안테크놀로지
095660.KQ	네오위즈게임즈
104200.KQ	네오위즈인터넷
042420.KQ	네오위즈홀딩스
037340.KQ	네오이녹스엔모크스
085910.KQ	네오티스
092730.KQ	네오팜
101400.KQ	네오피델리티
153460.KQ	네이블커뮤니케이션즈
007390.KQ	네이처셀
033640.KQ	네패스
087730.KQ	네패스신소재
073070.KQ	넥센테크
089140.KQ	넥스턴
065170.KQ	넥스트BT
139670.KQ	넥스트리밍
137940.KQ	넥스트아이
092600.KQ	넥스트칩
041140.KQ	넥슨지티
031390.KQ	녹십자셀
142280.KQ	녹십자엠에스
054050.KQ	농우바이오
040160.KQ	누리텔레콤
069140.KQ	누리플랜
126870.KQ	뉴로스
060260.KQ	뉴보텍
012340.KQ	뉴인텍
900100.KQ	뉴프라이드
085670.KQ	뉴프렉스
053290.KQ	능률교육
119860.KQ	다나와
064260.KQ	다날
093640.KQ	다믈멀티미디어
039560.KQ	다산네트웍스
032190.KQ	다우데이타
068240.KQ	다원시스
035720.KQ	다음카카오
012860.KQ	대동
020400.KQ	대동금속
008830.KQ	대동기어
048470.KQ	대동스틸
004780.KQ	대륙제관
017650.KQ	대림제지
007720.KQ	대명코퍼레이션
078140.KQ	대봉엘에스
036480.KQ	대성미생물
025440.KQ	대성엘텍
027830.KQ	대성창투
104040.KQ	대성파인텍
217270.KQ	대신밸런스제1호스팩
020180.KQ	대신정보통신
045390.KQ	대아티아이
108380.KQ	대양전기공업
006580.KQ	대양제지
215480.KQ	대우SBI스팩1호
204440.KQ	대우스팩2호
215580.KQ	대우스팩3호
048910.KQ	대원미디어
005710.KQ	대원산업
120240.KQ	대정화금
003310.KQ	대주산업
078600.KQ	대주전자재료
065690.KQ	대진디엠피
096350.KQ	대창솔루션
140520.KQ	대창스틸
131220.KQ	대한과학
010170.KQ	대한광통신
054670.KQ	대한뉴팜
023910.KQ	대한약품
021040.KQ	대호피앤씨
067080.KQ	대화제약
213420.KQ	덕산네오룩스
077360.KQ	덕산하이메탈
090410.KQ	덕신하우징
194480.KQ	데브시스터즈
017680.KQ	데코앤이
067990.KQ	도이치모터스
100130.KQ	동국S&C
005160.KQ	동국산업
075970.KQ	동국알앤에스
086450.KQ	동국제약
099410.KQ	동방선기
045890.KQ	동부라이텍
207760.KQ	동부스팩2호
026960.KQ	동서
033500.KQ	동성화인텍
025950.KQ	동신건설
088130.KQ	동아엘텍
041930.KQ	동아화성
038500.KQ	동양시멘트
060380.KQ	동양에스텍
079960.KQ	동양이엔피
104460.KQ	동양피엔에프
088910.KQ	동우
094170.KQ	동운아나텍
013120.KQ	동원개발
109860.KQ	동일금속
032960.KQ	동일기연
023790.KQ	동일철강
005290.KQ	동진쎄미켐
025900.KQ	동화기업
078590.KQ	두올산업
030350.KQ	드래곤플라이
073190.KQ	디비케이
066670.KQ	디스플레이텍
109740.KQ	디에스케이
090710.KQ	디에스티로봇
131030.KQ	디에이치피코리아
196490.KQ	디에이테크놀로지
066900.KQ	디에이피
127120.KQ	디엔에이링크
092070.KQ	디엔에프
101000.KQ	디엠씨
134580.KQ	디엠티
039840.KQ	디오
108860.KQ	디오텍
079810.KQ	디이엔티
113810.KQ	디젠스
043360.KQ	디지아이
106520.KQ	디지탈옵틱
068930.KQ	디지털대성
033130.KQ	디지틀조선
033310.KQ	디케이디앤아이
105740.KQ	디케이락
187220.KQ	디티앤씨
131180.KQ	딜리
042510.KQ	라온시큐어
050120.KQ	라이브플렉스
171120.KQ	라이온켐텍
171010.KQ	램테크놀러지
084650.KQ	랩지노믹스
141080.KQ	레고켐바이오
060300.KQ	레드로버
184230.KQ	레드비씨
038390.KQ	레드캡투어
047440.KQ	레이젠
026040.KQ	로만손
090360.KQ	로보스타
016170.KQ	로엔
067730.KQ	로지시스
071280.KQ	로체시스템즈
043710.KQ	로켓모바일
109960.KQ	로코조이
038060.KQ	루멘스
082800.KQ	루미마이크로
085370.KQ	루트로닉
060240.KQ	룽투코리아
042940.KQ	르네코
058470.KQ	리노공업
039980.KQ	리노스
012700.KQ	리드코프
038340.KQ	리젠
131100.KQ	리켐
014470.KQ	리홈쿠첸
042500.KQ	링네트
098120.KQ	마이크로컨텍솔
035480.KQ	마제스타
038290.KQ	마크로젠
005990.KQ	매일유업
093520.KQ	매커스
141070.KQ	맥스로텍
072870.KQ	메가스터디
215200.KQ	메가스터디교육
041920.KQ	메디아나
086900.KQ	메디톡스
078160.KQ	메디포스트
065650.KQ	메디프론
140410.KQ	메지온
059210.KQ	메타바이오메드
096640.KQ	멜파스
149940.KQ	모다정보통신
080160.KQ	모두투어
100030.KQ	모바일리더
101330.KQ	모베이스
033200.KQ	모아텍
006920.KQ	모헨즈
001810.KQ	무림SP
161570.KQ	미동전자통신
095500.KQ	미래나노텍
215750.KQ	미래에셋제3호스팩
222420.KQ	미래에셋제4호스팩
049950.KQ	미래컴퍼니
059090.KQ	미코
214180.KQ	민앤지
018700.KQ	바른손
035620.KQ	바른손이앤에이
064520.KQ	바른전자
053030.KQ	바이넥스
084990.KQ	바이로메드
064550.KQ	바이오니아
052260.KQ	바이오랜드
038460.KQ	바이오스마트
086040.KQ	바이오톡스텍
043150.KQ	바텍
046310.KQ	백금T&A
066110.KQ	백산OPC
036620.KQ	버추얼텍
019660.KQ	베리타스
177350.KQ	베셀
014100.KQ	보령메디앙스
006910.KQ	보성파워텍
026260.KQ	보타바이오
025270.KQ	부산방직
008470.KQ	부스타
100120.KQ	뷰웍스
064480.KQ	브리지텍
033560.KQ	블루콤
200780.KQ	비씨월드제약
052900.KQ	비아이이엠티
141000.KQ	비아트론
045970.KQ	비에스이
090460.KQ	비에이치
083650.KQ	비에이치아이
086670.KQ	비엠티
082920.KQ	비츠로셀
054220.KQ	비츠로시스
042370.KQ	비츠로테크
032850.KQ	비트컴퓨터
093190.KQ	빅솔론
065450.KQ	빅텍
069540.KQ	빛과전자
072950.KQ	빛샘전자
143240.KQ	사람인에이치알
123260.KQ	사파이어테크놀로지
016100.KQ	산성앨엔에스
100090.KQ	삼강엠앤티
122350.KQ	삼기오토모티브
014970.KQ	삼륭물산
158380.KQ	삼목강업
018310.KQ	삼목에스폼
053700.KQ	삼보모터스
009620.KQ	삼보산업
023600.KQ	삼보판지
111870.KQ	삼본정밀전자
009300.KQ	삼아제약
054540.KQ	삼영엠텍
065570.KQ	삼영이엔씨
082660.KQ	삼우엠스
073640.KQ	삼원테크
032280.KQ	삼일
002290.KQ	삼일기업공사
037460.KQ	삼지전자
032750.KQ	삼진
054090.KQ	삼진엘앤디
000250.KQ	삼천당제약
024950.KQ	삼천리자전거
017480.KQ	삼현철강
046390.KQ	삼화네트웍스
027580.KQ	상보
091580.KQ	상신이디피
089980.KQ	상아프론테크
042600.KQ	새로닉스
038070.KQ	서린바이오
006730.KQ	서부T&D
079650.KQ	서산
100660.KQ	서암기계공업
046890.KQ	서울반도체
036120.KQ	서울신용평가
063170.KQ	서울옥션
027040.KQ	서울전자통신
018680.KQ	서울제약
093920.KQ	서원인텍
189860.KQ	서전기전
122690.KQ	서진오토모티브
011370.KQ	서한
065710.KQ	서호전기
033790.KQ	서화정보통신
035890.KQ	서희건설
003100.KQ	선광
123420.KQ	선데이토즈
014620.KQ	성광벤드
037350.KQ	성도이엔지
081580.KQ	성우전자
045300.KQ	성우테크론
015750.KQ	성우하이텍
080470.KQ	성창오토텍
043260.KQ	성호전자
053060.KQ	세동
017510.KQ	세명전기
214310.KQ	세미콘라이트
011560.KQ	세보엠이씨
096690.KQ	세우테크
100700.KQ	세운메디칼
024830.KQ	세원물산
036630.KQ	세종텔레콤
039310.KQ	세중
080440.KQ	세진전자
067770.KQ	세진티에스
053450.KQ	세코닉스
158310.KQ	세호로보트
049180.KQ	셀루메드
068270.KQ	셀트리온
068760.KQ	셀트리온제약
053110.KQ	소리바다
052190.KQ	소프트맥스
032680.KQ	소프트센
054920.KQ	소프트포럼
066910.KQ	손오공
043100.KQ	솔고바이오
070300.KQ	솔라시아
154040.KQ	솔루에타
035610.KQ	솔본
036830.KQ	솔브레인
039230.KQ	솔브레인이엔지
086980.KQ	쇼박스
084180.KQ	수성
094840.KQ	슈프리마
192440.KQ	슈피겐코리아
099440.KQ	스맥
115570.KQ	스타플렉스
032860.KQ	스틸앤리소시즈
087220.KQ	스틸플라워
013810.KQ	스페코
039670.KQ	스포츠서울
049830.KQ	승일
111610.KQ	승화프리텍
020710.KQ	시공테크
033170.KQ	시그네틱스
025320.KQ	시노펙스
131090.KQ	시큐브
001000.KQ	신라섬유
025870.KQ	신라에스지
065350.KQ	신성델타테크
086830.KQ	신양
017000.KQ	신원종합개발
012790.KQ	신일제약
138070.KQ	신진에스엠
203650.KQ	신한제2호SPAC
056700.KQ	신화인터텍
187270.KQ	신화콘텍
066430.KQ	신후
007820.KQ	신흥기계
108320.KQ	실리콘웍스
222800.KQ	심텍
036710.KQ	심텍홀딩스
160980.KQ	싸이맥스
010280.KQ	쌍용정보통신
051170.KQ	썬코어
037760.KQ	쎄니트
136510.KQ	쎄미시스코
099320.KQ	쎄트렉아이
049960.KQ	쎌바이오텍
050890.KQ	쏠리드
099830.KQ	씨그널엔터테인먼트그룹
066790.KQ	씨씨에스
086200.KQ	씨앤비텍
021880.KQ	씨엑스씨종합캐피탈
115530.KQ	씨엔플러스
115480.KQ	씨유메디칼
096530.KQ	씨젠
900120.KQ	씨케이에이치
101240.KQ	씨큐브
060590.KQ	씨티씨바이오
036170.KQ	씨티엘
013990.KQ	아가방컴퍼니
123860.KQ	아나패스
050320.KQ	아남정보기술
058220.KQ	아리온
052710.KQ	아모텍
074430.KQ	아미노로직스
092040.KQ	아미코젠
083930.KQ	아바코
149950.KQ	아바텍
036010.KQ	아비코전자
050860.KQ	아세아텍
067390.KQ	아스트
127710.KQ	아시아경제
143160.KQ	아이디스
054800.KQ	아이디스홀딩스
078780.KQ	아이디에스
060570.KQ	아이리버
099190.KQ	아이센스
214430.KQ	아이쓰리시스템
040910.KQ	아이씨디
068940.KQ	아이씨케이
052860.KQ	아이앤씨
069920.KQ	아이에스이커머스
038880.KQ	아이에이
101390.KQ	아이엠
114810.KQ	아이원스
031310.KQ	아이즈비전
059100.KQ	아이컴포넌트
052460.KQ	아이크래프트
119830.KQ	아이텍반도체
124500.KQ	아이티센
032080.KQ	아즈텍WB
059120.KQ	아진엑스텍
056730.KQ	아큐픽스
023890.KQ	아트라스BX
067160.KQ	아프리카TV
001540.KQ	안국약품
053800.KQ	안랩
131370.KQ	알서포트
096610.KQ	알에프세미
061040.KQ	알에프텍
196170.KQ	알테오젠
123750.KQ	알톤스포츠
085810.KQ	알티캐스트
117670.KQ	알파칩스
022220.KQ	애강리메텍
052790.KQ	액토즈소프트
131400.KQ	액트
030960.KQ	양지사
102120.KQ	어보브반도체
067630.KQ	에너지솔루션
019990.KQ	에너토크
035290.KQ	에듀박스
025980.KQ	에머슨퍼시픽
041440.KQ	에버다임
038680.KQ	에스넷
121890.KQ	에스디시스템
097780.KQ	에스맥
042110.KQ	에스씨디
065420.KQ	에스아이리소스
103230.KQ	에스앤더블류
900080.KQ	에스앤씨엔진그룹
101490.KQ	에스앤에스텍
095910.KQ	에스에너지
031330.KQ	에스에이엠티
060540.KQ	에스에이티
112240.KQ	에스에프씨
056190.KQ	에스에프에이
080000.KQ	에스엔유
160600.KQ	에스엔텍
041510.KQ	에스엠
096630.KQ	에스코넥
069510.KQ	에스텍
041910.KQ	에스텍파마
039440.KQ	에스티아이
098660.KQ	에스티오
052020.KQ	에스티큐브
050760.KQ	에스폴리텍
058610.KQ	에스피지
043340.KQ	에쎈테크
054630.KQ	에이디칩스
200710.KQ	에이디테크놀로지
031860.KQ	에이모션
003800.KQ	에이스침대
088800.KQ	에이스테크
138360.KQ	에이씨티
028300.KQ	에이치엘비
044780.KQ	에이치케이
071670.KQ	에이테크솔루션
045660.KQ	에이텍
224110.KQ	에이텍티앤
021080.KQ	에이티넘인베스트
089530.KQ	에이티세미콘
073570.KQ	에이티테크놀러지
043580.KQ	에임하이
038870.KQ	에코에너지
086520.KQ	에코프로
038110.KQ	에코플라스틱
073540.KQ	에프알텍
036810.KQ	에프에스티
173940.KQ	에프엔씨엔터
065160.KQ	에프티이앤이
054940.KQ	엑사이엔씨
950130.KQ	엑세스바이오
205100.KQ	엑셈
067570.KQ	엔브이에이치코리아
054340.KQ	엔알케이
095300.KQ	엔에스브이
207720.KQ	엔에이치SL스팩
206640.KQ	엔에이치스팩2호
198440.KQ	엔에이치스팩3호
215790.KQ	엔에이치스팩5호
217810.KQ	엔에이치스팩7호
218410.KQ	엔에이치스팩8호
069410.KQ	엔텔스
068150.KQ	엔티피아
048830.KQ	엔피케이
096870.KQ	엘디티
061970.KQ	엘비세미콘
138690.KQ	엘아이에스
208140.KQ	엘아이지스팩 2호
220260.KQ	엘아이지이에스스팩
066970.KQ	엘앤에프
073110.KQ	엘엠에스
083310.KQ	엘오티베큠
037950.KQ	엘컴텍
170920.KQ	엘티씨
058630.KQ	엠게임
019590.KQ	엠벤처투자
097520.KQ	엠씨넥스
009780.KQ	엠에스씨
123040.KQ	엠에스오토텍
074150.KQ	엠제이비
032790.KQ	엠젠
033160.KQ	엠케이전자
050540.KQ	엠피씨
090740.KQ	연이정보통신
193250.KQ	영백씨엠
007530.KQ	영신금속
143540.KQ	영우디에스피
036180.KQ	영인프런티어
036560.KQ	영풍정밀
036000.KQ	예림당
053280.KQ	예스24
045060.KQ	오공
080520.KQ	오디텍
039830.KQ	오로라
046120.KQ	오르비텍
014940.KQ	오리엔탈정공
065500.KQ	오리엔트정공
010470.KQ	오리콤
053980.KQ	오상자이엘
052420.KQ	오성엘에스티
039200.KQ	오스코텍
031510.KQ	오스템
048260.KQ	오스템임플란트
138080.KQ	오이솔루션
080580.KQ	오킨스전자
067170.KQ	오텍
049480.KQ	오픈베이스
057540.KQ	옴니시스템
057680.KQ	옴니텔
082210.KQ	옵트론텍
109080.KQ	옵티시스
052770.KQ	와이디온라인
122990.KQ	와이솔
067900.KQ	와이엔텍
155650.KQ	와이엠씨
019210.KQ	와이지-원
122870.KQ	와이지엔터테인먼트
079000.KQ	와토스코리아
900180.KQ	완리
089230.KQ	용현BM
114630.KQ	우노앤컴퍼니
032820.KQ	우리기술
041190.KQ	우리기술투자
115440.KQ	우리넷
046970.KQ	우리로
215360.KQ	우리산업
072470.KQ	우리산업홀딩스
153490.KQ	우리이앤엘
082850.KQ	우리이티아이
037400.KQ	우리조명
101170.KQ	우림기계
011080.KQ	우성I&C
194610.KQ	우성아이비
066590.KQ	우수AMS
046940.KQ	우원개발
052270.KQ	우전앤한단
065680.KQ	우주일렉트로
018620.KQ	우진비앤지
032940.KQ	원익
030530.KQ	원익IPS
074600.KQ	원익QnC
104830.KQ	원익머트리얼즈
014190.KQ	원익큐브
012620.KQ	원일특강
008370.KQ	원풍
008290.KQ	원풍물산
101160.KQ	월덱스
095270.KQ	웨이브일렉트로
900130.KQ	웨이포트
036260.KQ	웰메이드예당
065950.KQ	웰크론
114190.KQ	웰크론강원
076080.KQ	웰크론한텍
196700.KQ	웹스
069080.KQ	웹젠
039790.KQ	위노바
044340.KQ	위닉스
043220.KQ	위드윈네트웍
112040.KQ	위메이드
038620.KQ	위즈코프
036090.KQ	위지트
136540.KQ	윈스
097800.KQ	윈팩
192390.KQ	윈하이텍
044480.KQ	유니더스
036200.KQ	유니셈
018000.KQ	유니슨
011320.KQ	유니크
086390.KQ	유니테스트
048430.KQ	유라테크
089850.KQ	유비벨록스
032620.KQ	유비케어
078070.KQ	유비쿼스
024800.KQ	유성티엔에스
054930.KQ	유신
069330.KQ	유아이디
049520.KQ	유아이엘
204620.KQ	유안타제1호스팩
219960.KQ	유안타제2호스팩
036500.KQ	유원컴텍
195990.KQ	유지인트
023410.KQ	유진기업
056080.KQ	유진로봇
215090.KQ	유진에이씨피씨스팩2호
084370.KQ	유진테크
178780.KQ	유테크
044960.KQ	이-글 벳
039020.KQ	이건창호
060230.KQ	이그잭스
067920.KQ	이글루시큐리티
073490.KQ	이노와이어리스
080420.KQ	이노칩
088390.KQ	이녹스
053350.KQ	이니텍
033110.KQ	이디
041520.KQ	이라이콤
054210.KQ	이랜텍
065440.KQ	이루온
115610.KQ	이미지스
217600.KQ	이베스트스팩2호
078020.KQ	이베스트투자증권
080010.KQ	이상네트웍스
086890.KQ	이수앱지스
047560.KQ	이스트소프트
900110.KQ	이스트아시아홀딩스
067010.KQ	이씨에스
102710.KQ	이엔에프테크놀로지
094190.KQ	이엘케이
123570.KQ	이엠넷
095190.KQ	이엠코리아
091120.KQ	이엠텍
039030.KQ	이오테크닉스
088290.KQ	이원컴포텍
033600.KQ	이젠텍
035810.KQ	이지바이오
090850.KQ	이지웰페어
058530.KQ	이큐스앤자루
092130.KQ	이크레더블
016250.KQ	이테크건설
096040.KQ	이트론
134060.KQ	이퓨쳐
001840.KQ	이화공영
024810.KQ	이화전기
041830.KQ	인바디
060150.KQ	인선이엔티
033230.KQ	인성정보
037330.KQ	인지디스플레
083640.KQ	인콘
049070.KQ	인탑스
119610.KQ	인터로조
017250.KQ	인터엠
108790.KQ	인터파크
035080.KQ	인터파크홀딩스
051370.KQ	인터플렉스
023430.KQ	인테그레이티드에너지
064290.KQ	인텍플러스
150840.KQ	인트로메딕
048530.KQ	인트론바이오
115310.KQ	인포바인
039290.KQ	인포뱅크
036220.KQ	인포피아
041020.KQ	인프라웨어
071200.KQ	인피니트헬스케어
101930.KQ	인화정공
078940.KQ	일경산업개발
068330.KQ	일신바이오
058450.KQ	일야
019540.KQ	일지테크
094820.KQ	일진파워
049550.KQ	잉크테크
043910.KQ	자연과환경
049630.KQ	재영솔루텍
065530.KQ	전파기지국
040420.KQ	정상제이엘에스
045510.KQ	정원엔시스
065620.KQ	제낙스
095700.KQ	제넥신
187420.KQ	제노포커스
123330.KQ	제닉
159580.KQ	제로투세븐
147830.KQ	제룡산업
033100.KQ	제룡전기
019570.KQ	제미니투자
079370.KQ	제우스
054950.KQ	제이브이엠
137950.KQ	제이씨케미칼
033320.KQ	제이씨현시스템
126880.KQ	제이엔케이히터
033050.KQ	제이엠아이
094970.KQ	제이엠티
058420.KQ	제이웨이
036420.KQ	제이콘텐트리
089790.KQ	제이티
052670.KQ	제일바이오
023440.KQ	제일제강
038010.KQ	제일테크노스
080220.KQ	제주반도체
083660.KQ	젠트로
082270.KQ	젬백스
041590.KQ	젬백스테크놀러지
044060.KQ	조광ILI
034940.KQ	조아제약
101730.KQ	조이맥스
067000.KQ	조이시티
033340.KQ	좋은사람들
036930.KQ	주성엔지니어링
072020.KQ	중앙백신
000440.KQ	중앙에너비스
054180.KQ	중앙오션
155960.KQ	지디
114570.KQ	지스마트글로벌
051160.KQ	지어소프트
053050.KQ	지에스이
119850.KQ	지엔씨에너지
065060.KQ	지엔코
018290.KQ	지엠피
115450.KQ	지트리비앤티
018120.KQ	진로발효
109820.KQ	진매트릭스
086060.KQ	진바이오텍
036890.KQ	진성티이씨
007370.KQ	진양제약
196450.KQ	차디오스텍
085660.KQ	차바이오텍
900040.KQ	차이나그레이트
900090.KQ	차이나하오란
094850.KQ	참좋은레져
004650.KQ	창해에탄올
111820.KQ	처음앤씨
096240.KQ	청담러닝
013720.KQ	청보산업
047820.KQ	초록뱀
094360.KQ	칩스앤미디어
016920.KQ	카스
071850.KQ	캐스텍코리아
066410.KQ	캔들미디어
050110.KQ	캠시스
078340.KQ	컴투스
044180.KQ	케이디건설
063440.KQ	케이디미디어
029480.KQ	케이디씨
043290.KQ	케이맥
203690.KQ	케이비제3호스팩
205500.KQ	케이비제4호스팩
208350.KQ	케이비제5호스팩
208640.KQ	케이비제6호스팩
214270.KQ	케이비제7호스팩
222390.KQ	케이비제8호스팩
192250.KQ	케이사인
115500.KQ	케이씨에스
089150.KQ	케이씨티
025880.KQ	케이씨피드
093320.KQ	케이아이엔엑스
065940.KQ	케이에스씨비
073010.KQ	케이에스피
105330.KQ	케이엔더블유
039420.KQ	케이엘넷
053810.KQ	케이엘티
083550.KQ	케이엠
032500.KQ	케이엠더블유
122800.KQ	케이티롤
204650.KQ	케이티비스팩1호
214150.KQ	케이티비스팩2호
220630.KQ	케이티비스팩3호
064820.KQ	케이프
024880.KQ	케이피에프
042040.KQ	케이피엠테크
054410.KQ	케이피티
089010.KQ	켐트로닉스
052400.KQ	코나아이
094860.KQ	코닉글로리
046070.KQ	코다코
047770.KQ	코데즈컴바인
080530.KQ	코디에스
078650.KQ	코렌
104540.KQ	코렌텍
027050.KQ	코리아나
101670.KQ	코리아에스이
123410.KQ	코리아에프티
036690.KQ	코맥스
049430.KQ	코메론
041960.KQ	코미팜
009730.KQ	코센
069110.KQ	코스온
048870.KQ	코아로직
166480.KQ	코아스템
038530.KQ	코아크로스
029960.KQ	코엔텍
102940.KQ	코오롱생명과학
056000.KQ	코원
033290.KQ	코웰패션
056360.KQ	코위버
121850.KQ	코이즈
015710.KQ	코콤
052330.KQ	코텍
126600.KQ	코프라
200130.KQ	콜마비앤에이치
060280.KQ	큐렉소
040350.KQ	큐로컴
051780.KQ	큐로홀딩스
065560.KQ	큐브스
182360.KQ	큐브엔터
066310.KQ	큐에스아이
016600.KQ	큐캐피탈
067280.KQ	크레듀
043590.KQ	크로바하이텍
114120.KQ	크루셜텍
083790.KQ	크리스탈
045520.KQ	크린앤사이언스
218710.KQ	키움스팩3호
054780.KQ	키이스트
019770.KQ	탑금속
065130.KQ	탑엔지니어링
023160.KQ	태광
053620.KQ	태양
072520.KQ	태양기전
044490.KQ	태웅
191420.KQ	테고사이언스
123100.KQ	테라세미콘
182690.KQ	테라셈
066700.KQ	테라젠이텍스
095610.KQ	테스
131970.KQ	테스나
089030.KQ	테크윙
038540.KQ	텍셀네트컴
054450.KQ	텔레칩스
091440.KQ	텔레필드
200230.KQ	텔콘
051360.KQ	토비스
045340.KQ	토탈소프트
057880.KQ	토필드
108230.KQ	톱텍
079970.KQ	투비소프트
052290.KQ	트레이스
105550.KQ	트루윈
026150.KQ	특수건설
121800.KQ	티브이로직
033830.KQ	티비씨
064760.KQ	티씨케이
131290.KQ	티에스이
062860.KQ	티엘아이
104480.KQ	티케이케미칼
081150.KQ	티플랙스
130740.KQ	티피씨글로벌
084730.KQ	팅크웨어
046210.KQ	파나진
034230.KQ	파라다이스
033540.KQ	파라텍
043200.KQ	파루
214450.KQ	파마리서치프로덕트
177830.KQ	파버나인
037070.KQ	파세코
150900.KQ	파수닷컴
047310.KQ	파워로직스
170790.KQ	파이오링크
049120.KQ	파인디앤씨
038950.KQ	파인디지털
106240.KQ	파인테크닉스
131760.KQ	파인텍
028040.KQ	파캔OPC
091700.KQ	파트론
194510.KQ	파티게임즈
032800.KQ	판타지오
043090.KQ	팜스웰바이오
027710.KQ	팜스토리
068050.KQ	팬엔터테인먼트
060900.KQ	퍼시픽바이오
087010.KQ	펩트론
043370.KQ	평화정공
119500.KQ	포메탈
016670.KQ	포비스티앤씨
022100.KQ	포스코 ICT
009520.KQ	포스코엠텍
003670.KQ	포스코켐텍
189690.KQ	포시에스
078860.KQ	포인트아이
141020.KQ	포티스
032980.KQ	폴리비전
005670.KQ	푸드웰
094940.KQ	푸른기술
007330.KQ	푸른저축은행
093380.KQ	풍강
023900.KQ	풍국주정
035200.KQ	프럼파스트
053610.KQ	프로텍
053160.KQ	프리엠스
060910.KQ	프리젠
075130.KQ	플랜티넷
023770.KQ	플레이위드
065270.KQ	플렉스컴
032580.KQ	피델릭스
051380.KQ	피씨디렉트
131390.KQ	피앤이솔루션
024850.KQ	피에스엠씨
031980.KQ	피에스케이
002230.KQ	피에스텍
137400.KQ	피엔티
082390.KQ	피엘에이
128660.KQ	피제이메탈
006140.KQ	피제이전자
087600.KQ	픽셀플러스
064800.KQ	필링크
067310.KQ	하나마이크론
208370.KQ	하나머스트2호스팩
208870.KQ	하나머스트3호스팩
215100.KQ	하나머스트4호스팩
218150.KQ	하나머스트5호스팩
136480.KQ	하림
024660.KQ	하림홀딩스
149980.KQ	하이로닉
013030.KQ	하이록코리아
126700.KQ	하이비젼시스템
200470.KQ	하이셈
106080.KQ	하이소닉
066980.KQ	하이쎌
205470.KQ	하이제2호스팩
217500.KQ	하이제3호스팩
106190.KQ	하이텍팜
066130.KQ	하츠
206400.KQ	한국2호스팩
004590.KQ	한국가구
039340.KQ	한국경제TV
034950.KQ	한국기업평가
060250.KQ	한국사이버결제
025550.KQ	한국선재
017890.KQ	한국알콜
033430.KQ	한국자원투자개발
063570.KQ	한국전자금융
041460.KQ	한국전자인증
101680.KQ	한국정밀기계
039740.KQ	한국정보공학
053300.KQ	한국정보인증
025770.KQ	한국정보통신
023760.KQ	한국캐피탈
054040.KQ	한국컴퓨터
021650.KQ	한국큐빅
053590.KQ	한국테크놀로지
034830.KQ	한국토지신탁
037230.KQ	한국팩키지
030520.KQ	한글과컴퓨터
052600.KQ	한네트
092460.KQ	한라IMS
047080.KQ	한빛소프트
081970.KQ	한솔넥스지
099660.KQ	한솔신텍
070590.KQ	한솔인티큐브
042520.KQ	한스바이오메드
078350.KQ	한양디지텍
045100.KQ	한양이엔지
064090.KQ	한양하이타오
046110.KQ	한일네트웍스
024740.KQ	한일단조
005860.KQ	한일사료
123840.KQ	한일진공
007770.KQ	한일화학
061460.KQ	한진피앤씨
079170.KQ	한창산업
077280.KQ	한컴지엠디
002680.KQ	한탑
217620.KQ	한화ACPC스팩
215380.KQ	한화MGI스팩
214680.KQ	한화에이스스팩1호
219860.KQ	한화에이스스팩2호
102210.KQ	해덕파워웨이
034810.KQ	해성산업
076610.KQ	해성옵틱스
008800.KQ	행남자기
054300.KQ	헤스본
170030.KQ	현대공업
221950.KQ	현대드림3호스팩
204630.KQ	현대드림스팩2호
048410.KQ	현대아이비티
204760.KQ	현대에이블스팩1호
026180.KQ	현대정보기술
039010.KQ	현대통신
092300.KQ	현우산업
053660.KQ	현진소재
060560.KQ	홈센타
064240.KQ	홈캐스트
039610.KQ	화성
126640.KQ	화신정공
086250.KQ	화신테크
061250.KQ	화일약품
134780.KQ	화진
097870.KQ	효성오앤비
050090.KQ	휘닉스소재
115160.KQ	휴맥스
028080.KQ	휴맥스홀딩스
200670.KQ	휴메딕스
065510.KQ	휴비츠
084110.KQ	휴온스
024060.KQ	흥구석유
010240.KQ	흥국
189980.KQ	흥국에프엔비
037440.KQ	희림
N/A	관악산업
N/A	구름컴퍼니
N/A	그린플러스
N/A	금오하이텍
N/A	나노바이오시스
N/A	나이코
N/A	네추럴FNP
N/A	닉스테크
N/A	다린
N/A	대동고려삼
N/A	대주이엔티
N/A	데이터스트림즈
N/A	데카시스템
N/A	듀켐바이오
N/A	드림티엔터테인먼트
N/A	디지캡
N/A	디피앤케이
N/A	래몽래인
N/A	리드
N/A	매직마이크로
N/A	바이오리더스
N/A	바이오코아
N/A	비나텍
N/A	비앤에스미디어
N/A	비엔디생활건강
N/A	세신버팔로
N/A	세종머티리얼즈
N/A	세화피앤씨
N/A	소프트캠프
N/A	솔트웍스
N/A	수프로
N/A	썬테크
N/A	씨아이에스
N/A	씨앗
N/A	씨이랩
N/A	씨티네트웍스
N/A	아시아종묘
N/A	아이진
N/A	아이케이세미콘
N/A	알엔투테크놀로지
N/A	에듀케이션파트너
N/A	에스에이티이엔지
N/A	에스엔피제네틱스
N/A	에이비온
N/A	에프앤가이드
N/A	엑시콘
N/A	엔에스컴퍼니
N/A	엔지켐생명과학
N/A	엘앤케이바이오
N/A	엘피케이
N/A	엠지메드
N/A	예스티
N/A	옐로페이
N/A	옵토팩
N/A	원텍
N/A	위월드
N/A	유니온커뮤니티
N/A	유니포인트
N/A	유디피
N/A	유비온
N/A	유투바이오
N/A	이김프로덕션
N/A	이엔드디
N/A	이엘피
N/A	이푸른
N/A	정다운
N/A	제놀루션
N/A	지티지웰니스
N/A	청광종건
N/A	코셋
N/A	큐엠씨
N/A	태양기계
N/A	테라텍
N/A	툴젠
N/A	틸론
N/A	판도라티비
N/A	퓨쳐켐
N/A	프렉코
N/A	플럼라인생명과학
N/A	피노텍
N/A	피엠디아카데미
N/A	피엠에스
N/A	하나일렉콤
N/A	한주금속
N/A	한중엔시에스
N/A	핸디소프트
N/A	현성바이탈
